run,case,estimator,estimate_ns,lower_ns,upper_ns,confidence_level
review-a,growth/24576,slope,431.30580583532605,429.3854406809705,433.58461916480616,0.95
review-a,growth/32768,slope,424.29949991771116,421.3979316264618,428.49905237615525,0.95
review-a,growth/8192,slope,666.9374770509811,663.7460535404697,670.4255388483523,0.95
review-a,records/borrowed_compact_each/64,slope,2813.5903784025104,2787.937164539739,2840.3990406496896,0.95
review-a,records/borrowed_compact_each/8192,slope,206025.66463196595,205435.4794606561,206693.34989302402,0.95
review-a,records/borrowed_compact_each/8193,slope,235011.15698182528,234279.05156616244,235926.46598352975,0.95
review-a,records/borrowed_compact_on_fill/64,slope,2262.1495467923287,2244.2147522491396,2280.639627910285,0.95
review-a,records/borrowed_compact_on_fill/8192,slope,206428.4004986024,205877.67232882013,207033.0216987604,0.95
review-a,records/borrowed_compact_on_fill/8193,slope,236898.69661554732,235580.72207098285,238441.60976117747,0.95
review-a,records/bufreader_copied/64,slope,794.4474963448873,785.5415728099397,805.1271362608749,0.95
review-a,records/bufreader_copied/8192,slope,40036.34691793664,39367.3461038127,41061.07384080024,0.95
review-a,records/bufreader_copied/8193,slope,38389.02744208485,38136.1325115247,38674.3768478174,0.95
review-a,records/reader_copied/64,slope,819.2347117725759,817.2727082117792,821.6718701849412,0.95
review-a,records/reader_copied/8192,slope,39751.57957087177,39339.712831180244,40213.64443885211,0.95
review-a,records/reader_copied/8193,slope,38335.79286234939,38107.10245503371,38632.64145025169,0.95
review-a,retention/compact/57344,slope,230.413681534566,228.8042853176241,232.00691669535294,0.95
review-a,retention/compact/8192,slope,1126.3047051520123,1111.887102314378,1146.3003174566527,0.95
review-a,retention/compact_and_shrink/57344,slope,238.9265764118974,237.02120102668678,241.01914171132765,0.95
review-a,retention/compact_and_shrink/8192,slope,1124.714889614342,1116.632131269173,1134.907642991738,0.95
review-a,retention/copy_prefix/57344,slope,2029.4231893680014,2003.0464720772256,2061.680320262262,0.95
review-a,retention/copy_prefix/8192,slope,1304.2028828770874,1291.5500337014716,1321.0644902998265,0.95
review-a,retention/take_consumed/57344,slope,316.5416185404897,312.15939532935903,321.5890850543597,0.95
review-a,retention/take_consumed/8192,slope,2318.8189647661984,2300.942630497017,2339.7298106454546,0.95
review-a,sequential_1024/bufreader/1024,slope,43.81124270822165,43.57300092405833,44.16259378723409,0.95
review-a,sequential_1024/bufreader/1048576,slope,25957.057120238635,25844.083611312028,26080.787176943588,0.95
review-a,sequential_1024/bufreader/8192,slope,137.8425504355011,137.39508638341528,138.4382885771183,0.95
review-a,sequential_1024/cursor/1024,slope,14.125864103290034,14.06397441865439,14.209488677435003,0.95
review-a,sequential_1024/cursor/1048576,slope,15836.441164016518,15707.723233463523,15977.615999662903,0.95
review-a,sequential_1024/cursor/8192,slope,81.38056915189999,80.66041650546039,82.38083112478652,0.95
review-a,sequential_1024/reader/1024,slope,84.4065179583181,83.94607151612054,85.0398880233699,0.95
review-a,sequential_1024/reader/1048576,slope,24752.90403913892,24675.6622504476,24840.885819032876,0.95
review-a,sequential_1024/reader/8192,slope,202.3851559309603,199.84933405426918,204.50670987578826,0.95
review-a,sequential_16384/bufreader/1024,slope,83.97301760120688,83.48757732925577,84.48653288506388,0.95
review-a,sequential_16384/bufreader/1048576,slope,16619.258231639626,16509.747735731606,16776.70985750348,0.95
review-a,sequential_16384/bufreader/8192,slope,108.79232532368404,108.18548610827969,109.298460278208,0.95
review-a,sequential_16384/cursor/1024,slope,69.09011087832684,68.7740648474587,69.46884614246491,0.95
review-a,sequential_16384/cursor/1048576,slope,15900.632283540552,15816.129955492002,15999.097633635818,0.95
review-a,sequential_16384/cursor/8192,slope,99.09680524778501,98.86322716108741,99.32824285941788,0.95
review-a,sequential_16384/reader/1024,slope,120.6372947525253,120.26631904484064,121.10165578894268,0.95
review-a,sequential_16384/reader/1048576,slope,16762.434765840997,16599.606804944346,16931.040319496606,0.95
review-a,sequential_16384/reader/8192,slope,150.81034498030442,149.8920772425478,151.93752878086588,0.95
review-b,growth/24576,slope,497.1958007438921,494.14324539777397,500.57943167279467,0.95
review-b,growth/32768,slope,466.603741210376,464.69326798732527,468.31963199210134,0.95
review-b,growth/8192,slope,539.4527444065046,537.2333590549159,541.8576216365004,0.95
review-b,records/borrowed_compact_each/64,slope,2867.2446789026326,2842.859714780673,2895.465900296404,0.95
review-b,records/borrowed_compact_each/8192,slope,211959.56987232756,210431.5184450961,213334.40199104132,0.95
review-b,records/borrowed_compact_each/8193,slope,244951.19568717317,244002.89973850825,246116.02217929962,0.95
review-b,records/borrowed_compact_on_fill/64,slope,2332.547911497105,2317.811280976477,2347.179259512155,0.95
review-b,records/borrowed_compact_on_fill/8192,slope,216773.15476820024,213176.2663544495,222188.36392538992,0.95
review-b,records/borrowed_compact_on_fill/8193,slope,246235.90797931724,244278.17449409122,248704.95929183607,0.95
review-b,records/bufreader_copied/64,slope,796.619523097211,786.6485384573925,807.7881844904878,0.95
review-b,records/bufreader_copied/8192,slope,42047.127247747325,41879.76536843909,42256.7319059587,0.95
review-b,records/bufreader_copied/8193,slope,40280.71907312149,39357.44002095328,41557.82819377679,0.95
review-b,records/reader_copied/64,slope,821.7680892906035,817.9917518077328,825.6895665836723,0.95
review-b,records/reader_copied/8192,slope,42628.22173296124,42454.6635096025,42816.84010029497,0.95
review-b,records/reader_copied/8193,slope,40713.39618644708,40277.62635745392,41197.75750093799,0.95
review-b,retention/compact/57344,slope,237.82338833619778,234.14723969247504,241.63716033835001,0.95
review-b,retention/compact/8192,slope,1208.8755111162016,1192.6718653985913,1223.668419986577,0.95
review-b,retention/compact_and_shrink/57344,slope,246.98751359304924,241.9136051133666,252.26059794622174,0.95
review-b,retention/compact_and_shrink/8192,slope,1233.8710122212433,1224.4610540301883,1244.404673700222,0.95
review-b,retention/copy_prefix/57344,slope,2017.4947647898614,1995.7698330359485,2046.4689895078682,0.95
review-b,retention/copy_prefix/8192,slope,1367.1398106219397,1356.513486759832,1378.881560520819,0.95
review-b,retention/take_consumed/57344,slope,322.98449167062046,317.0664855523502,329.56289198149955,0.95
review-b,retention/take_consumed/8192,slope,2493.889559011992,2479.8440344966743,2509.875526385847,0.95
review-b,sequential_1024/bufreader/1024,slope,43.453902014030675,43.29607271358433,43.625016077436065,0.95
review-b,sequential_1024/bufreader/1048576,slope,26491.90550838902,26302.928768891008,26722.173765136642,0.95
review-b,sequential_1024/bufreader/8192,slope,146.69871539467218,145.3041582540615,147.98833654671606,0.95
review-b,sequential_1024/cursor/1024,slope,14.186254079629832,14.119148173040948,14.261928781863013,0.95
review-b,sequential_1024/cursor/1048576,slope,16018.83012049558,15840.52445137087,16229.207801757671,0.95
review-b,sequential_1024/cursor/8192,slope,91.24689729299043,90.96329483998015,91.57853655472707,0.95
review-b,sequential_1024/reader/1024,slope,85.75946351362374,85.48125667636394,86.00953107023227,0.95
review-b,sequential_1024/reader/1048576,slope,25224.719389571907,24592.55064411216,26081.914939508835,0.95
review-b,sequential_1024/reader/8192,slope,201.1133897320388,200.6391241696682,201.57309572569255,0.95
review-b,sequential_16384/bufreader/1024,slope,80.03205510019512,79.8260619165974,80.29272681638588,0.95
review-b,sequential_16384/bufreader/1048576,slope,16574.98528832794,16545.803473967193,16604.37947543679,0.95
review-b,sequential_16384/bufreader/8192,slope,116.46279831492511,115.75840828220133,117.41160689333891,0.95
review-b,sequential_16384/cursor/1024,slope,65.03678471143448,64.7510334220128,65.50688143343677,0.95
review-b,sequential_16384/cursor/1048576,slope,16068.783614305667,16012.445750446746,16130.697970881753,0.95
review-b,sequential_16384/cursor/8192,slope,104.48371292163286,104.27527767947991,104.76540681835482,0.95
review-b,sequential_16384/reader/1024,slope,115.28685276676609,115.14951877899982,115.4136589407296,0.95
review-b,sequential_16384/reader/1048576,slope,16913.579511337226,16877.464078108023,16960.16180128849,0.95
review-b,sequential_16384/reader/8192,slope,153.7998047378008,152.79505287109515,155.17593912544606,0.95
